-- 1. Temporarily disable foreign key checks
-- SET foreign_key_checks = 0;
-- TRUNCATE TABLE Seat;
-- 2. Truncate the table
-- TRUNCATE TABLE Ticket_Tier;
-- TRUNCATE TABLE Section;
-- TRUNCATE TABLE Tier_Section;
-- 3. Re-enable foreign key checks
-- SET foreign_key_checks = 1;

USE dbApp;

INSERT INTO Venue (Venue_Name,City,Country,Capacity,Is_Seated)
VALUES  ("Philippine Arena","Bocaue, Bulacan","Philippines",55000,1),
		("SM Mall of Asia Arena","Pasay, Metro Manila","Philippines",20000,1),
		("Smart Araneta Coliseum","Quezon City, Metro Manila","Philippines",16500,1),
		("New Frontier Theater","Quezon City, Metro Manila","Philippines",2385,1),
		("Huimang Café","Muntinlupa City (South), Metro Manila","Philippines",NULL,0),
		("Chingu Dachi Cafe+","Manila (Sampaloc Area), Metro Manila","Philippines",NULL,0),
		("Coffee Chapters","Taft Ave., Pasay City, Metro Manila","Philippines",NULL,0),
		("Café Janggeum - SM North Edsa","Quezon City, Metro Manila","Philippines",NULL,0),
		("Café Janggeum - SM City Dasma","Dasmariñas, Cavite","Philippines",NULL,0),
		("Nineteen Degress - MOA","Pasay, Metro Manila","Philippines",NULL,0),
		("Coffee Grind Calamba City","Calamba, Laguna","Philippines",NULL,0);

INSERT INTO Event (Event_ID,Event_Name, Event_Type, Venue_ID, Start_Date, End_Date, Start_Time, End_Time)
VALUES  (1,"BLACKPINK Comeback Tour","Concert",1,"2026-08-10","2026-08-10","20:00:00","0:00:00"),
		(2,"ENHYPEN Dunkin Donut Collab x Fanmeet","Fanmeet,Hi Touch",4,"2026-09-05","2026-09-05","14:00:00","16:30:00"),
		(3,"ZB1 Hi-Five Session","Hi Touch",4,"2026-10-18","2026-10-18","11:00:00","13:00:00"),
		(4,"AKMU Birthday Cupsleeve Cafe","Cupsleeve",5,"2026-11-25","2026-11-25","10:00:00","17:00:00"),
		(5,"AESPA Artist Showcase","Concert",2,"2026-12-07","2026-12-07","18:30:00","22:30:00"),
		(6,"BLINKS United Rosé Birthday Cupsleeve","Cupsleeve",6,"2026-02-11","2026-02-11","9:00:00","20:00:00"),
		(7,"Zerose Squad Anniversary Cupsleeve","Cupsleeve",8,"2026-07-10","2026-07-10","10:00:00","19:00:00"),
		(8,"WinRina 4ever Winter Cupsleeve Cafe","Cupsleeve",9,"2026-01-15","2026-01-15","9:30:00","18:30:00"),
		(9,"ENGENE-ers Sunghoon Birthday Cupsleeve","Cupsleeve",10,"2026-12-08","2026-12-08","10:00:00","20:00:00"),
		(10,"Pink Venom Club Jisoo Cupsleeve","Cupsleeve",11,"2026-01-03","2026-01-03","9:00:00","19:00:00"),
		(11,"MY Dreams Karina Birthday Cupsleeve","Cupsleeve",6,"2026-04-11","2026-04-11","10:00:00","18:00:00"),
		(12,"Tokki Squad Hanni Cupsleeve Event","Cupsleeve",8,"2026-10-06","2026-10-06","9:30:00","19:30:00"),
		(13,"AKKADEMY Chanhyuk Birthday Cupsleeve","Cupsleeve",9,"2026-09-12","2026-09-12","10:00:00","17:00:00"),
		(14,"Bunnies Forever Hyein Cupsleeve","Cupsleeve",10,"2026-04-21","2026-04-21","9:00:00","18:00:00"),
		(15,"ENGENE Nation Jungwon Cupsleeve","Cupsleeve",5,"2026-02-09","2026-02-12","10:00:00","19:00:00"),
		(16,"Zero Days Hanbin Birthday Cupsleeve","Cupsleeve",5,"2026-01-16","2026-01-18","9:30:00","20:00:00"),
		(17,"BP World Lisa Birthday Cupsleeve","Cupsleeve",8,"2026-03-27","2026-03-27","10:00:00","19:00:00"),
		(18,"Next Level Fans Winter Cupsleeve","Cupsleeve",9,"2026-02-14","2026-02-20","9:00:00","18:00:00"),
		(19,"WIZONE Forever Sakura Cupsleeve","Cupsleeve",10,"2026-03-19","2026-03-19","10:00:00","19:00:00"),
		(20,"Bunny Camp Minji Birthday Cupsleeve","Cupsleeve",5,"2026-05-07","2026-05-07","9:30:00","19:30:00"),
		(21,"BLINK Paradise Jennie Cupsleeve","Cupsleeve",6,"2026-01-16","2026-01-16","10:00:00","20:00:00"),
		(22,"Vampire Lovers Heeseung Cupsleeve","Cupsleeve",8,"2026-10-15","2026-10-15","9:00:00","18:00:00"),
		(23,"ZB1 United Jiwoong Birthday Cupsleeve","Cupsleeve",9,"2026-12-14","2026-12-14","10:00:00","19:00:00"),
		(24,"Aespa Synk Ningning Cupsleeve","Cupsleeve",10,"2026-10-23","2026-10-23","9:30:00","18:30:00"),
		(25,"Suhyun & Chanhyuk Fans Anniversary Cupsleeve","Cupsleeve",11,"2026-04-19","2026-04-19","10:00:00","17:00:00"),
		(26,"IU Concert: Blooming in Blue","Concert,Hi Touch",1,"2026-04-11","2026-04-12","20:00:00","0:00:00"),
		(27,"IZNA Anniversary Fanmeet","Fanmeet,Hi Touch",4,"2026-11-25","2026-11-25","17:00:00","22:00:00"),
		(28,"LISA: Lovesick Concert","Concert",3,"2026-01-15","2026-01-17","20:00:00","23:00:00"),
		(29,"SEVENTEEN Comeback Tour","Concert",1,"2027-01-23","2027-01-24","17:00:00","22:00:00"),
		(30,"ZB1 Summer in Manila Concert","Concert",2,"2026-02-28","2026-03-01","17:00:00","22:00:00"),
		(31,"SB19 Asia Stage: Manila","Concert",3,"2025-12-12","2025-12-14","17:00:00","22:00:00");
        
INSERT INTO Ticket_Tier(Tier_ID,Event_ID,Tier_Name,Price,Total_Quantity,Benefits,Is_Reserved_Seating)
VALUES	(1,1,"VIP Pit",15125,3900,"Early Entry, Sound Check Access",0),
		(2,1,"Lower Bowl A Premium",11550,3450,"Priority Entry, Exclusive Photocard",1),
		(3,1,"Lower Bowl A Regular",9900,6340,"Priority Entry, Exclusive Photocard",1),
		(4,1,"Lower Bowl B Premium",10250,4830,"Priority Entry, Exclusive Photocard",1),
		(5,1,"Lower Bowl B Regular",9150,10380,"Priority Entry, Exclusive Photocard",1),
		(6,1,"Upper Bowl Premium",6600,8100,"Standard Seating",1),
		(7,1,"Upper Bowl Regular",4950,13400,NULL,1),
		(8,2,"VIP Package",9900,1100,"Group Photo Raffle, Signed Poster",1),
		(9,2,"Loge Seating",6500,360,"Exclusive Merch Item",1),
		(10,2,"Balcony General Admission",2750,810,"Exclusive Merch Item",0),
		(11,3,"Hi-Touch VIP",8250,300,"Hi-Five Session, Signed Photocard",1),
		(12,3,"Patron",5500,300,"Exclusive Photocard",1),
		(13,3,"General Admission",3850,500,"Exclusive Photocard",0),
		(14,4,"Birthday Package",750,0,"Special Cupsleeve Set w/ Drink/Snack Voucher, Raffle Entry ",0),
		(15,4,"Cupsleeve Set",500,0,"Standard Cupsleeve Set w/ Drink/Snack Voucher",0),
		(16,5,"VIP Standing",14555,990,"Early Entry, Exclusive Lanyard and Ticket Holder",0),
		(17,5,"VIP Seated",12000,4480,"Early Entry, Exclusive Lanyard and Ticket Holder",1),
		(18,5,"Lower Box",9900,4160,"Priority Entry, Free Event Photocard",1),
		(19,5,"Upper Box A",6600,2520,"Priority Entry, Free Event Photocard",1),
		(20,5,"Upper Box B",4950,6020,"Free Event Photocard",0),
		(21,6,"Paid Entry",500,0,NULL,0),
		(22,7,"Paid Entry",300,0,NULL,0),
		(23,8,"Paid Entry",500,0,NULL,0),
		(24,9,"Paid Entry",500,0,NULL,0),
		(25,10,"Paid Entry",500,0,NULL,0),
		(26,11,"Paid Entry",500,0,NULL,0),
		(27,12,"Paid Entry",500,0,NULL,0),
		(28,13,"Paid Entry",500,0,NULL,0),
		(29,14,"Paid Entry",500,0,NULL,0),
		(30,15,"Paid Entry",500,0,NULL,0),
		(31,16,"Paid Entry",500,0,NULL,0),
		(32,17,"Paid Entry",500,0,NULL,0),
		(33,18,"Paid Entry",500,0,NULL,0),
		(34,19,"Paid Entry",500,0,NULL,0),
		(35,20,"Paid Entry",500,0,NULL,0),
		(36,21,"Paid Entry",500,0,NULL,0),
		(37,22,"Free Entry",0,0,NULL,0),
		(38,23,"Free Entry",0,0,NULL,0),
		(39,24,"Free Entry",0,0,NULL,0),
		(40,25,"Free Entry",0,0,NULL,0),
		(41,26,"VIP Seated",9500,1500,"Early Entry, Hi-Touch Session, ",1),
		(42,26,"Lower Bowl A Premium",7500,3450,"Early Entry, Sound Check Access",1),
		(43,26,"Lower Bowl A Regular",7300,6340,"Early Entry, Sound Check Access",1),
		(44,26,"Lower Bowl B Premium",5500,4830,NULL,1),
		(45,26,"Lower Bowl B Regular",4900,10380,NULL,1),
		(46,26,"Upper Bowl Premium",2250,8100,NULL,1),
		(47,26,"Upper Bowl Regular",1850,13400,NULL,1),
		(48,27,"Patron A",6000,300,"Hi Touch Session, Merch Giveaway",1),
		(49,27,"Patron B",5250,800,"Merch Giveaway",1),
		(50,27,"Patron C",4500,360,"Merch Giveaway",1),
		(51,27,"General Admission",1385,810,"Merch Giveaway",1),
		(52,28,"VIP Standing A",13500,850,"Priority Entry",1),
		(53,28,"VIP Standing B",9900,650,"Priority Entry",1),
		(54,28,"VIP Seated",10000,2100,"Priority Entry",1),
		(55,28,"Lower Box",7800,1550,"Early Entry",1),
		(56,28,"Upper Box",4550,5220,"Early Entry",1),
		(57,28,"General Admission",2000,2400,NULL,0),
		(58,29,"VIP Pit",18125,3900,"Early Entry, Sound Check Access",0),
		(59,29,"Lower Bowl A Premium",15550,3375,"Priority Entry, Exclusive Photocard",1),
		(60,29,"Lower Bowl A Regular",11000,4250,"Priority Entry, Exclusive Photocard",1),
		(61,29,"Lower Bowl B Premium",10250,4725,"Priority Entry, Exclusive Photocard",1),
		(62,29,"Lower Bowl B Regular",9150,9400,"Priority Entry, Exclusive Photocard",1),
		(63,29,"Upper Bowl Premium",6600,2260,"Standard Seating",1),
		(64,29,"Upper Bowl Regular",4950,7320,"Standard Seating",1),
		(65,30,"VIP Standing",12555,860,"Early Entry, Exclusive Lanyard and Ticket Holder",0),
		(66,30,"VIP Seated",10000,3895,"Early Entry, Exclusive Lanyard and Ticket Holder",1),
		(67,30,"Lower Box",9900,3990,"Priority Entry, Free Event Photocard",1),
		(68,30,"Upper Box A",6600,1970,"Priority Entry, Free Event Photocard",1),
		(69,30,"Upper Box B",4950,7185,"Free Event Photocard",1),
		(70,31,"VIP Standing A",8500,850,"Priority Entry",0),
		(71,31,"VIP Standing B",8000,650,"Priority Entry",0),
		(72,31,"VIP Seated",7000,3075,"Early Entry",1),
		(73,31,"Lower Box",5000,1550,"Early Entry",1),
		(74,31,"Upper Box",3550,5220,"Early Entry",1),
		(75,31,"General Admission",1200,2400,NULL,1);

INSERT INTO Section(Section_ID,Venue_ID, Section_Name, Max_Capacity)
VALUES	(1,1,"101",500), 
		(2,1,"102",600),
		(3,1,"103",690),
		(4,1,"104",690),
		(5,1,"105",690),
		(6,1,"106",690),
		(7,1,"107",690),
		(8,1,"108",690),
		(9,1,"109",690),
		(10,1,"110",690),
		(11,1,"111",690),
		(12,1,"112",690),
		(13,1,"113",690),
		(14,1,"114",600),
		(15,1,"115",500),
		(16,1,"201",500),
		(17,1,"202",550),
		(18,1,"203",690),
		(19,1,"204",690),
		(20,1,"205",690),
		(21,1,"206",690),
		(22,1,"207",690),
		(23,1,"208",690),
		(24,1,"209",690),
		(25,1,"210",690),
		(26,1,"211",690),
		(27,1,"212",690),
		(28,1,"213",690),
		(29,1,"214",690),
		(30,1,"215",690),
		(31,1,"216",690),
		(32,1,"217",690),
		(33,1,"218",690),
		(34,1,"219",690),
		(35,1,"220",690),
		(36,1,"221",690),
		(37,1,"222",550),
		(38,1,"223",500),
		(39,1,"301",100),
		(40,1,"302",150),
		(41,1,"303",150),
		(42,1,"304",150),
		(43,1,"305",150),
		(44,1,"306",150),
		(45,1,"307",150),
		(46,1,"308",150),
		(47,1,"309",150),
		(48,1,"310",150),
		(49,1,"311",150),
		(50,1,"312",150),
		(51,1,"313",150),
		(52,1,"314",150),
		(53,1,"315",150),
		(54,1,"316",150),
		(55,1,"317",150),
		(56,1,"318",150),
		(57,1,"319",150),
		(58,1,"320",150),
		(59,1,"321",150),
		(60,1,"322",150),
		(61,1,"323",150),
		(62,1,"324",100),
		(63,1,"401",75),
		(64,1,"402",250),
		(65,1,"403",300),
		(66,1,"404",675),
		(67,1,"405",675),
		(68,1,"406",675),
		(69,1,"407",675),
		(70,1,"408",675),
		(71,1,"409",675),
		(72,1,"410",675),
		(73,1,"411",675),
		(74,1,"412",675),
		(75,1,"413",675),
		(76,1,"414",675),
		(77,1,"415",675),
		(78,1,"416",675),
		(79,1,"417",675),
		(80,1,"418",675),
		(81,1,"419",675),
		(82,1,"420",675),
		(83,1,"421",675),
		(84,1,"422",675),
		(85,1,"423",675),
		(86,1,"424",675),
		(87,1,"425",675),
		(88,1,"426",675),
		(89,1,"427",675),
		(90,1,"428",675),
		(91,1,"429",675),
		(92,1,"430",675),
		(93,1,"431",675),
		(94,1,"432",675),
		(95,1,"433",675),
		(96,1,"434",300),
		(97,1,"435",250),
		(98,1,"436",75),
		(99,1,"Zone A",350),
		(100,1,"Zone B",350),
		(101,1,"Zone C",350),
		(102,1,"Zone D",100),
		(103,1,"Zone E",350),
		(104,1,"Zone F",350),
		(105,1,"Zone G",350),
		(106,1,"Zone H",250),
		(107,1,"Zone I",250),
		(108,1,"Zone J",250),
		(109,1,"Zone K",200),
		(110,1,"Zone L",250),
		(111,1,"Zone M",250),
		(112,1,"Zone N",250),
		(113,2,"Floor A",495),
		(114,2,"Floor B",495),
		(115,2,"105",165),
		(116,2,"106",165),
		(117,2,"107",165),
		(118,2,"116",165),
		(119,2,"117",165),
		(120,2,"118",165),
		(121,2,"201",320),
		(122,2,"202",320),
		(123,2,"203",320),
		(124,2,"204",320),
		(125,2,"205",320),
		(126,2,"206",320),
		(127,2,"207",320),
		(128,2,"216",320),
		(129,2,"217",320),
		(130,2,"218",320),
		(131,2,"219",320),
		(132,2,"220",320),
		(133,2,"221",320),
		(134,2,"222",320),
		(135,2,"401",180),
		(136,2,"402",180),
		(137,2,"403",180),
		(138,2,"404",180),
		(139,2,"405",180),
		(140,2,"406",180),
		(141,2,"407",180),
		(142,2,"416",180),
		(143,2,"417",180),
		(144,2,"418",180),
		(145,2,"419",180),
		(146,2,"420",180),
		(147,2,"421",180),
		(148,2,"422",180),
		(149,2,"501",430),
		(150,2,"502",430),
		(151,2,"503",430),
		(152,2,"504",430),
		(153,2,"505",430),
		(154,2,"506",430),
		(155,2,"507",430),
		(156,2,"516",430),
		(157,2,"517",430),
		(158,2,"518",430),
		(159,2,"519",430),
		(160,2,"520",430),
		(161,2,"521",430),
		(162,2,"522",430),
		(163,4,"VVIP",300),
		(164,4,"VIP",800),
		(165,4,"Loge A",115),
		(166,4,"Loge B",130),
		(167,4,"Loge C",115),
		(168,4,"Balcony A",270),
		(169,4,"Balcony B",270),
		(170,4,"Balcony C",270),
		(171,3,"Floor A",750),
		(172,3,"Floor B",750),
		(173,3,"104",210),
		(174,3,"105",210),
		(175,3,"106",210),
		(176,3,"107",210),
		(177,3,"108",210),
		(178,3,"113",210),
		(179,3,"114",210),
		(180,3,"115",210),
		(181,3,"116",210),
		(182,3,"117",210),
		(183,3,"204",155),
		(184,3,"205",155),
		(185,3,"206",155),
		(186,3,"207",155),
		(187,3,"208",155),
		(188,3,"213",155),
		(189,3,"214",155),
		(190,3,"215",155),
		(191,3,"216",155),
		(192,3,"217",155),
		(193,3,"401",435),
		(194,3,"402",435),
		(195,3,"403",435),
		(196,3,"404",435),
		(197,3,"405",435),
		(198,3,"406",435),
		(199,3,"407",435),
		(200,3,"419",435),
		(201,3,"420",435),
		(202,3,"421",435),
		(203,3,"422",435),
		(204,3,"423",435),
		(205,3,"Gen. Ad.",2400);

INSERT INTO Tier_Section (Tier_ID, Section_ID)
VALUES	(3,1), (3,2), (3,3), (3,4), (3,5), (2,6), 
        (2,7), (2,8), (2,9), (2,10), (3,11), (3,12), 
        (3,13), (3,14), (3,15), (5,16), (5,17), (5,18), 
        (5,19), (5,20), (5,21), (5,22), (5,23), (4,24), 
        (4,25), (4,26), (4,27), (4,28), (4,29), (4,30), 
        (5,31), (5,32), (5,33), (5,34), (5,35), (5,36), 
        (5,37), (5,38), (7,39), (7,40), (7,41), (7,42), 
        (7,43), (7,44), (7,45), (7,46), (7,47), (7,48), 
        (7,49), (7,50), (7,51), (7,52), (7,53), (7,54), 
        (7,55), (7,56), (7,57), (7,58), (7,59), (7,60), 
        (7,61), (7,62), (7,63), (7,64), (7,65), (7,66), 
        (7,67), (7,68), (7,69), (7,70), (7,71), (7,72), 
        (7,73), (7,74), (6,75), (6,76), (6,77), (6,78), 
        (6,79), (6,80), (6,81), (6,82), (6,83), (6,84), 
        (6,85), (6,86), (7,87), (7,88), (7,89), (7,90), 
        (7,91), (7,92), (7,93), (7,94), (7,95), (7,96), 
        (7,97), (7,98), (1,99), (1,100), (1,101), (1,102), 
        (1,103), (1,104), (1,105), (1,106), (1,107), (1,108), 
        (1,109), (1,110), (1,111), (1,112), (8,163), (8,164), 
        (9,165), (9,166), (9,167), (10,168), (10,169), (10,170), 
        (11,163), (12,164), (13,164), (16,113), (16,114), (17,115), 
        (17,116), (17,117), (17,118), (17,119), (17,120), (18,121), 
        (18,122), (18,123), (18,124), (18,125), (18,126), (18,127), 
        (18,128), (18,129), (18,130), (18,131), (18,132), (18,133), 
        (18,134), (19,135), (19,136), (19,137), (19,138), (19,139), 
        (19,140), (19,141), (19,142), (19,143), (19,144), (19,145), 
        (19,146), (19,147), (19,148), (20,149), (20,150), (20,151), 
        (20,152), (20,153), (20,154), (20,155), (20,156), (20,157), 
        (20,158), (20,159), (20,160), (20,161), (20,162), (43,1), 
        (43,2), (43,3), (43,4), (43,5), (42,6), (42,7), 
        (42,8), (42,9), (42,10), (43,11), (43,12), (43,13), 
        (43,14), (43,15), (45,16), (45,17), (45,18), (45,19), 
        (45,20), (45,21), (45,22), (45,23), (44,24), (44,25), 
        (44,26), (44,27), (44,28), (44,29), (44,30), (45,31), 
        (45,32), (45,33), (45,34), (45,35), (45,36), (45,37), 
        (45,38), (47,63), (47,64), (47,65), (47,66), (47,67), 
        (47,68), (47,69), (47,70), (47,71), (47,72), (47,73), 
        (47,74), (46,75), (46,76), (46,77), (46,78), (46,79), 
        (46,80), (46,81), (46,82), (46,83), (46,84), (46,85), 
        (46,86), (47,87), (47,88), (47,89), (47,90), (47,91), 
        (47,92), (47,93), (47,94), (47,95), (47,96), (47,97), 
        (47,98), (41,99), (41,100), (41,101), (41,102), (41,103), 
        (41,104), (41,105), (41,106), (41,107), (41,108), (41,109), 
        (41,110), (41,111), (41,112), (48,163), (49,164), (50,165), 
        (50,166), (50,167), (51,168), (51,169), (51,170), (60,1), (60,2), 
        (60,3), (60,4), (60,5), (59,6), (59,7), (59,8), 
        (59,9), (59,10), (60,11), (60,12), (60,13), (60,14), 
        (60,15), (62,16), (62,17), (62,18), (62,19), (62,20), 
        (62,21), (62,22), (62,23), (61,24), (61,25), (61,26), 
        (61,27), (61,28), (61,29), (61,30), (62,31), (62,32), 
        (62,33), (62,34), (62,35), (62,36), (62,37), (62,38), 
        (64,63), (64,64), (64,65), (64,66), (64,67), (64,68), 
        (64,69), (64,70), (64,71), (64,72), (64,73), (64,74), 
        (63,75), (63,76), (63,77), (63,78), (63,79), (63,80), 
        (63,81), (63,82), (63,83), (63,84), (63,85), (63,86), 
        (64,87), (64,88), (64,89), (64,90), (64,91), (64,92), 
        (64,93), (64,94), (64,95), (64,96), (64,97), (64,98), 
        (58,99), (58,100), (58,101), (58,102), (58,103), (58,104), 
        (58,105), (58,106), (58,107), (58,108), (58,109), (58,110), 
        (58,111), (58,112), (52,171), (53,172), 
        (54,173), (54,174), (54,175), (54,176), (54,177), (54,178), 
        (54,179), (54,180), (54,181), (54,182), (55,183), (55,184), 
        (55,185), (55,186), (55,187), (55,188), (55,189), (55,190), 
        (55,191), (55,192), (56,193), (56,194), (56,195), (56,196), 
        (56,197), (56,198), (56,199), (56,200), (56,201), (56,202), 
        (56,203), (56,204), (57,205), (65,113), (65,114), (66,115), 
        (66,116), (66,117), (66,118), (66,119), (66,120), (67,121), 
        (67,122), (67,123), (67,124), (67,125), (67,126), (67,127), 
        (67,128), (67,129), (67,130), (67,131), (67,132), (67,133), 
        (67,134), (68,135), (68,136), (68,137), (68,138), (68,139), 
        (68,140), (68,141), (68,142), (68,143), (68,144), (68,145), 
        (68,146), (68,147), (68,148), (69,149), (69,150), (69,151), 
        (69,152), (69,153), (69,154), (69,155), (69,156), (69,157), 
        (69,158), (69,159), (69,160), (69,161), (69,162), (70,171), 
        (71,172), (72,173), (72,174), (72,175), (72,176), (72,177), 
        (72,178), (72,179), (72,180), (72,181), (72,182), (73,183), 
        (73,184), (73,185), (73,186), (73,187), (73,188), (73,189), 
        (73,190), (73,191), (73,192), (74,193), (74,194), (74,195), 
        (74,196), (74,197), (74,198), (74,199), (74,200), (74,201), 
        (74,202), (74,203), (74,204), (75,205);
