INSERT INTO Fanclub (Fanclub_ID, Fanclub_Name, Artist_ID) 
VALUES  (1, 'Zero Days', 3),
        (2, 'WinRina 4ever', 5),
        (3, 'AKKADEMY', 4),
        (4, 'BLINKS United', 1),
        (5, 'ENGENE-ers', 2),
        (6, 'Zerose Squad', 3),
        (7, 'MY Dreams', 5),
        (8, 'Bunnies Forever', 6),
        (9, 'WIZ*ONE Family', 7),
        (10, 'Pink Venom Club', 1),
        (11, 'ENGENE Nation', 2),
        (12, 'NewJeans Denim', 6),
        (13, 'AKMU Lovers', 4),
        (14, 'Aespa Synk', 5),
        (15, 'BP World', 1),
        (16, 'ZB1 Forever', 3),
        (17, 'Tokki Squad', 6),
        (18, 'IZ*ONE Legacy', 7),
        (19, 'ENHYPEN Global', 2),
        (20, 'Suhyun & Chanhyuk Fans', 4),
        (21, 'BLINK Paradise', 1),
        (22, 'Vampire Lovers', 2),
        (23, 'ZB1 United', 3),
        (24, 'AKMU Galaxy', 4),
        (25, 'Next Level Fans', 5),
        (26, 'Bunny Camp', 6),
        (27, 'WIZONE Forever', 7),
        (28, 'Born Pink Squad', 1),
        (29, 'Dimension Lovers', 2),
        (30, 'Zerose International', 3);

INSERT INTO Fanclub_Event (Fanclub_ID, Event_ID) 
VALUES  (3, 4),
        (4, 6),
        (6, 7),
        (5, 9),
        (2, 8),
        (10, 10),
        (7, 11),
        (17, 12),
        (3, 13),
        (8, 14),
        (11, 15),
        (1, 16),
        (15, 17),
        (25, 18),
        (27, 19),
        (26, 20),
        (21, 21),
        (22, 22),
        (23, 23),
        (14, 24),
        (13, 25);

INSERT INTO Fanclub_Membership (Membership_ID, Fan_ID, Fanclub_ID, Date_Joined) 
VALUES  (1, 5, 2, '2020-10-09'),
        (2, 4, 3, '2008-06-07'),
        (3, 3, 1, '2014-12-13'),
        (4, 2, 5, '2025-01-25'),
        (5, 1, 4, '2021-01-01'),
        (6, 6, 15, '2021-03-25'),
        (7, 17, 23, '2023-09-26'),
        (8, 7, 14, '2022-08-30'),
        (9, 8, 3, '2024-02-19'),
        (10, 5, 5, '2025-07-04'),
        (11, 9, 26, '2023-02-17'),
        (12, 10, 4, '2025-03-15'),
        (13, 11, 29, '2020-10-28'),
        (14, 12, 16, '2024-05-24'),
        (15, 13, 30, '2025-05-02'),
        (16, 14, 27, '2023-08-06'),
        (17, 15, 2, '2022-01-10'),
        (18, 16, 21, '2020-01-26'),
        (19, 17, 13, '2024-07-20'),
        (20, 18, 12, '2024-02-19'),
        (21, 19, 10, '2025-08-17'),
        (22, 20, 11, '2019-10-11'),
        (23, 21, 19, '2023-01-15'),
        (24, 22, 1, '2023-04-02'),
        (25, 23, 25, '2018-06-26'),
        (26, 23, 9, '2018-05-26'),
        (27, 24, 18, '2025-02-24'),
        (28, 25, 8, '2022-06-18'),
        (29, 22, 22, '2022-04-02'),
        (30, 2, 2, '2025-01-24');